<?xml version="1.0" encoding="UTF-8"?>
<GenRun Id="impl_1" LaunchPart="xc7a35tfgg484-1" LaunchTime="1716286407">
  <File Type="ROUTE-PWR" Name="nanoControleur_power_routed.rpt"/>
  <File Type="PA-TCL" Name="nanoControleur.tcl"/>
  <File Type="ROUTE-PWR-SUM" Name="nanoControleur_power_summary_routed.pb"/>
  <File Type="REPORTS-TCL" Name="nanoControleur_reports.tcl"/>
  <File Type="BITSTR-MSK" Name="nanoControleur.msk"/>
  <File Type="ROUTE-CLK" Name="nanoControleur_clock_utilization_routed.rpt"/>
  <File Type="RDI-RDI" Name="nanoControleur.vdi"/>
  <File Type="BG-BIT" Name="nanoControleur.bit"/>
  <File Type="BG-DRC" Name="nanoControleur.drc"/>
  <File Type="BG-BGN" Name="nanoControleur.bgn"/>
  <File Type="BG-BIN" Name="nanoControleur.bin"/>
  <File Type="BITSTR-RBT" Name="nanoControleur.rbt"/>
  <File Type="BITSTR-NKY" Name="nanoControleur.nky"/>
  <File Type="BITSTR-BMM" Name="nanoControleur_bd.bmm"/>
  <File Type="ROUTE-METHODOLOGY-DRC" Name="nanoControleur_methodology_drc_routed.rpt"/>
  <File Type="BITSTR-MMI" Name="nanoControleur.mmi"/>
  <File Type="BITSTR-SYSDEF" Name="nanoControleur.sysdef"/>
  <File Type="BITSTR-LTX" Name="debug_nets.ltx"/>
  <File Type="BITSTR-LTX" Name="nanoControleur.ltx"/>
  <File Type="WBT-USG" Name="usage_statistics_webtalk.html"/>
  <File Type="OPT-DRC" Name="nanoControleur_drc_opted.rpt"/>
  <File Type="OPT-HWDEF" Name="nanoControleur.hwdef"/>
  <File Type="PLACE-IO" Name="nanoControleur_io_placed.rpt"/>
  <File Type="PLACE-UTIL" Name="nanoControleur_utilization_placed.rpt"/>
  <File Type="PLACE-UTIL-PB" Name="nanoControleur_utilization_placed.pb"/>
  <File Type="PLACE-CTRL" Name="nanoControleur_control_sets_placed.rpt"/>
  <File Type="PLACE-PRE-SIMILARITY" Name="nanoControleur_incremental_reuse_pre_placed.rpt"/>
  <File Type="ROUTE-DRC" Name="nanoControleur_drc_routed.rpt"/>
  <File Type="ROUTE-DRC-PB" Name="nanoControleur_drc_routed.pb"/>
  <File Type="ROUTE-PWR-RPX" Name="nanoControleur_power_routed.rpx"/>
  <File Type="ROUTE-STATUS" Name="nanoControleur_route_status.rpt"/>
  <File Type="ROUTE-STATUS-PB" Name="nanoControleur_route_status.pb"/>
  <File Type="ROUTE-DCP" Name="nanoControleur_routed.dcp"/>
  <File Type="ROUTE-ERROR-DCP" Name="nanoControleur_routed_error.dcp"/>
  <File Type="ROUTE-BLACKBOX-DCP" Name="nanoControleur_routed_bb.dcp"/>
  <File Type="ROUTE-TIMINGSUMMARY" Name="nanoControleur_timing_summary_routed.rpt"/>
  <File Type="ROUTE-TIMING-PB" Name="nanoControleur_timing_summary_routed.pb"/>
  <File Type="ROUTE-TIMING-RPX" Name="nanoControleur_timing_summary_routed.rpx"/>
  <File Type="ROUTE-BUS-SKEW" Name="nanoControleur_bus_skew_routed.rpt"/>
  <File Type="ROUTE-BUS-SKEW-PB" Name="nanoControleur_bus_skew_routed.pb"/>
  <File Type="ROUTE-BUS-SKEW-RPX" Name="nanoControleur_bus_skew_routed.rpx"/>
  <File Type="OPT-DCP" Name="nanoControleur_opt.dcp"/>
  <File Type="PLACE-DCP" Name="nanoControleur_placed.dcp"/>
  <File Type="PWROPT-DCP" Name="nanoControleur_pwropt.dcp"/>
  <File Type="POSTPLACE-PWROPT-DCP" Name="nanoControleur_postplace_pwropt.dcp"/>
  <File Type="PHYSOPT-DCP" Name="nanoControleur_physopt.dcp"/>
  <File Type="POSTROUTE-PHYSOPT-DCP" Name="nanoControleur_postroute_physopt.dcp"/>
  <File Type="POSTROUTE-PHYSOPT-BLACKBOX-DCP" Name="nanoControleur_postroute_physopt_bb.dcp"/>
  <File Type="ROUTE-METHODOLOGY-DRC-PB" Name="nanoControleur_methodology_drc_routed.pb"/>
  <File Type="ROUTE-DRC-RPX" Name="nanoControleur_drc_routed.rpx"/>
  <File Type="ROUTE-METHODOLOGY-DRC-RPX" Name="nanoControleur_methodology_drc_routed.rpx"/>
  <File Type="PDI-FILE" Name="nanoControleur.pdi"/>
  <File Type="RCFI_FILE" Name="nanoControleur.rcfi"/>
  <File Type="CFI_FILE" Name="nanoControleur.cfi"/>
  <File Type="RNPI_FILE" Name="nanoControleur.rnpi"/>
  <File Type="NPI_FILE" Name="nanoControleur.npi"/>
  <File Type="RBD_FILE" Name="nanoControleur.rbd"/>
  <FileSet Name="sources" Type="DesignSrcs" RelSrcDir="$PSRCDIR/sources_1" RelGenDir="$PGENDIR/sources_1">
    <Filter Type="Srcs"/>
    <File Path="$PSRCDIR/sources_1/imports/design.hdl/nanoProcesseur_package.vhd">
      <FileInfo>
        <Attr Name="ImportPath" Val="P:/Formation/200_Bachelor/230_Niveau-1/233_Professeurs/1262_Archi_Sys_Info/1262.3_Sys_num_appliques/EASE/nanoprocesseur_v4.ews/design.hdl/nanoProcesseur_package.vhd"/>
        <Attr Name="ImportTime" Val="1704216347"/>
        <Attr Name="UsedIn" Val="synthesis"/>
        <Attr Name="UsedIn" Val="simulation"/>
      </FileInfo>
    </File>
    <File Path="$PSRCDIR/sources_1/imports/design.hdl/ALU.vhd">
      <FileInfo>
        <Attr Name="ImportPath" Val="P:/Formation/200_Bachelor/230_Niveau-1/233_Professeurs/1262_Archi_Sys_Info/1262.3_Sys_num_appliques/EASE/nanoprocesseur_v4.ews/design.hdl/ALU.vhd"/>
        <Attr Name="ImportTime" Val="1704216344"/>
        <Attr Name="UsedIn" Val="synthesis"/>
        <Attr Name="UsedIn" Val="simulation"/>
      </FileInfo>
    </File>
    <File Path="$PSRCDIR/sources_1/imports/design.hdl/Address_Decode.vhd">
      <FileInfo>
        <Attr Name="ImportPath" Val="P:/Formation/200_Bachelor/230_Niveau-1/233_Professeurs/1262_Archi_Sys_Info/1262.3_Sys_num_appliques/EASE/nanoprocesseur_v4.ews/design.hdl/Address_Decode.vhd"/>
        <Attr Name="ImportTime" Val="1704216344"/>
        <Attr Name="UsedIn" Val="synthesis"/>
        <Attr Name="UsedIn" Val="simulation"/>
      </FileInfo>
    </File>
    <File Path="$PSRCDIR/sources_1/imports/design.hdl/Data_Multiplexer.vhd">
      <FileInfo>
        <Attr Name="ImportPath" Val="P:/Formation/200_Bachelor/230_Niveau-1/233_Professeurs/1262_Archi_Sys_Info/1262.3_Sys_num_appliques/EASE/nanoprocesseur_v4.ews/design.hdl/Data_Multiplexer.vhd"/>
        <Attr Name="ImportTime" Val="1704216345"/>
        <Attr Name="UsedIn" Val="synthesis"/>
        <Attr Name="UsedIn" Val="simulation"/>
      </FileInfo>
    </File>
    <File Path="$PSRCDIR/sources_1/imports/design.hdl/Instruction_Register.vhd">
      <FileInfo>
        <Attr Name="ImportPath" Val="P:/Formation/200_Bachelor/230_Niveau-1/233_Professeurs/1262_Archi_Sys_Info/1262.3_Sys_num_appliques/EASE/nanoprocesseur_v4.ews/design.hdl/Instruction_Register.vhd"/>
        <Attr Name="ImportTime" Val="1704216345"/>
        <Attr Name="UsedIn" Val="synthesis"/>
        <Attr Name="UsedIn" Val="simulation"/>
      </FileInfo>
    </File>
    <File Path="$PSRCDIR/sources_1/imports/design.hdl/Operandes_Multiplexer.vhd">
      <FileInfo>
        <Attr Name="ImportPath" Val="P:/Formation/200_Bachelor/230_Niveau-1/233_Professeurs/1262_Archi_Sys_Info/1262.3_Sys_num_appliques/EASE/nanoprocesseur_v4.ews/design.hdl/Operandes_Multiplexer.vhd"/>
        <Attr Name="ImportTime" Val="1704216345"/>
        <Attr Name="UsedIn" Val="synthesis"/>
        <Attr Name="UsedIn" Val="simulation"/>
      </FileInfo>
    </File>
    <File Path="$PSRCDIR/sources_1/imports/design.hdl/Operandes_Register.vhd">
      <FileInfo>
        <Attr Name="ImportPath" Val="P:/Formation/200_Bachelor/230_Niveau-1/233_Professeurs/1262_Archi_Sys_Info/1262.3_Sys_num_appliques/EASE/nanoprocesseur_v4.ews/design.hdl/Operandes_Register.vhd"/>
        <Attr Name="ImportTime" Val="1704216345"/>
        <Attr Name="UsedIn" Val="synthesis"/>
        <Attr Name="UsedIn" Val="simulation"/>
      </FileInfo>
    </File>
    <File Path="$PSRCDIR/sources_1/imports/design.hdl/Output_Register.vhd">
      <FileInfo>
        <Attr Name="ImportPath" Val="P:/Formation/200_Bachelor/230_Niveau-1/233_Professeurs/1262_Archi_Sys_Info/1262.3_Sys_num_appliques/EASE/nanoprocesseur_v4.ews/design.hdl/Output_Register.vhd"/>
        <Attr Name="ImportTime" Val="1704216345"/>
        <Attr Name="UsedIn" Val="synthesis"/>
        <Attr Name="UsedIn" Val="simulation"/>
      </FileInfo>
    </File>
    <File Path="$PSRCDIR/sources_1/imports/design.hdl/Program_Counter.vhd">
      <FileInfo>
        <Attr Name="ImportPath" Val="P:/Formation/200_Bachelor/230_Niveau-1/233_Professeurs/1262_Archi_Sys_Info/1262.3_Sys_num_appliques/EASE/nanoprocesseur_v4.ews/design.hdl/Program_Counter.vhd"/>
        <Attr Name="ImportTime" Val="1704216345"/>
        <Attr Name="UsedIn" Val="synthesis"/>
        <Attr Name="UsedIn" Val="simulation"/>
      </FileInfo>
    </File>
    <File Path="$PSRCDIR/sources_1/imports/design.hdl/RAM.vhd">
      <FileInfo>
        <Attr Name="ImportPath" Val="P:/Formation/200_Bachelor/230_Niveau-1/233_Professeurs/1262_Archi_Sys_Info/1262.3_Sys_num_appliques/EASE/nanoprocesseur_v4.ews/design.hdl/RAM.vhd"/>
        <Attr Name="ImportTime" Val="1704216346"/>
        <Attr Name="UsedIn" Val="synthesis"/>
        <Attr Name="UsedIn" Val="simulation"/>
      </FileInfo>
    </File>
    <File Path="$PSRCDIR/sources_1/imports/design.hdl/ROM.vhd">
      <FileInfo>
        <Attr Name="ImportPath" Val="P:/Formation/200_Bachelor/230_Niveau-1/233_Professeurs/1262_Archi_Sys_Info/1262.3_Sys_num_appliques/EASE/nanoprocesseur_v4.ews/design.hdl/ROM.vhd"/>
        <Attr Name="ImportTime" Val="1704216346"/>
        <Attr Name="UsedIn" Val="synthesis"/>
        <Attr Name="UsedIn" Val="simulation"/>
      </FileInfo>
    </File>
    <File Path="$PSRCDIR/sources_1/new/Registers.vhd">
      <FileInfo>
        <Attr Name="UsedIn" Val="synthesis"/>
        <Attr Name="UsedIn" Val="simulation"/>
      </FileInfo>
    </File>
    <File Path="$PSRCDIR/sources_1/imports/design.hdl/Sequenceur.vhd">
      <FileInfo>
        <Attr Name="ImportPath" Val="P:/Formation/200_Bachelor/230_Niveau-1/233_Professeurs/1262_Archi_Sys_Info/1262.3_Sys_num_appliques/EASE/nanoprocesseur_v4.ews/design.hdl/Sequenceur.vhd"/>
        <Attr Name="ImportTime" Val="1704216346"/>
        <Attr Name="UsedIn" Val="synthesis"/>
        <Attr Name="UsedIn" Val="simulation"/>
      </FileInfo>
    </File>
    <File Path="$PSRCDIR/sources_1/new/Stack.vhd">
      <FileInfo>
        <Attr Name="UsedIn" Val="synthesis"/>
        <Attr Name="UsedIn" Val="simulation"/>
      </FileInfo>
    </File>
    <File Path="$PSRCDIR/sources_1/imports/design.hdl/Status_Register.vhd">
      <FileInfo>
        <Attr Name="ImportPath" Val="P:/Formation/200_Bachelor/230_Niveau-1/233_Professeurs/1262_Archi_Sys_Info/1262.3_Sys_num_appliques/EASE/nanoprocesseur_v4.ews/design.hdl/Status_Register.vhd"/>
        <Attr Name="ImportTime" Val="1704216346"/>
        <Attr Name="UsedIn" Val="synthesis"/>
        <Attr Name="UsedIn" Val="simulation"/>
      </FileInfo>
    </File>
    <File Path="$PSRCDIR/sources_1/new/Sync.vhd">
      <FileInfo>
        <Attr Name="UsedIn" Val="synthesis"/>
        <Attr Name="UsedIn" Val="simulation"/>
      </FileInfo>
    </File>
    <File Path="$PSRCDIR/sources_1/imports/design.hdl/W_Register.vhd">
      <FileInfo>
        <Attr Name="ImportPath" Val="P:/Formation/200_Bachelor/230_Niveau-1/233_Professeurs/1262_Archi_Sys_Info/1262.3_Sys_num_appliques/EASE/nanoprocesseur_v4.ews/design.hdl/W_Register.vhd"/>
        <Attr Name="ImportTime" Val="1704216346"/>
        <Attr Name="UsedIn" Val="synthesis"/>
        <Attr Name="UsedIn" Val="simulation"/>
      </FileInfo>
    </File>
    <File Path="$PSRCDIR/sources_1/imports/design.hdl/nanoProcesseur.vhd">
      <FileInfo>
        <Attr Name="ImportPath" Val="P:/Formation/200_Bachelor/230_Niveau-1/233_Professeurs/1262_Archi_Sys_Info/1262.3_Sys_num_appliques/EASE/nanoprocesseur_v4.ews/design.hdl/nanoProcesseur.vhd"/>
        <Attr Name="ImportTime" Val="1704216347"/>
        <Attr Name="UsedIn" Val="synthesis"/>
        <Attr Name="UsedIn" Val="simulation"/>
      </FileInfo>
    </File>
    <File Path="$PSRCDIR/sources_1/imports/design.hdl/nanoControleur.vhd">
      <FileInfo>
        <Attr Name="ImportPath" Val="P:/Formation/200_Bachelor/230_Niveau-1/233_Professeurs/1262_Archi_Sys_Info/1262.3_Sys_num_appliques/EASE/nanoprocesseur_v4.ews/design.hdl/nanoControleur.vhd"/>
        <Attr Name="ImportTime" Val="1704216346"/>
        <Attr Name="UsedIn" Val="synthesis"/>
        <Attr Name="UsedIn" Val="simulation"/>
      </FileInfo>
    </File>
    <Config>
      <Option Name="DesignMode" Val="RTL"/>
      <Option Name="TopModule" Val="nanoControleur"/>
      <Option Name="TopAutoSet" Val="TRUE"/>
    </Config>
  </FileSet>
  <FileSet Name="constrs_in" Type="Constrs" RelSrcDir="$PSRCDIR/constrs_1">
    <Filter Type="Constrs"/>
    <File Path="$PSRCDIR/constrs_1/imports/new/IO_Const.xdc">
      <FileInfo>
        <Attr Name="ImportPath" Val="P:/Formation/200_Bachelor/230_Niveau-1/233_Professeurs/1262_Archi_Sys_Info/1262.3_Sys_num_appliques/EASE/nanoprocesseur_v4.ews/Vivado/Vivado.srcs/constrs_1/new/IO_Const.xdc"/>
        <Attr Name="ImportTime" Val="1704214364"/>
        <Attr Name="UsedIn" Val="synthesis"/>
        <Attr Name="UsedIn" Val="implementation"/>
      </FileInfo>
    </File>
    <Config>
      <Option Name="ConstrsType" Val="XDC"/>
    </Config>
  </FileSet>
  <FileSet Name="utils" Type="Utils" RelSrcDir="$PSRCDIR/utils_1">
    <Filter Type="Utils"/>
    <Config>
      <Option Name="TopAutoSet" Val="TRUE"/>
    </Config>
  </FileSet>
  <Strategy Version="1" Minor="2">
    <StratHandle Name="Vivado Implementation Defaults" Flow="Vivado Implementation 2020"/>
    <Step Id="init_design"/>
    <Step Id="opt_design"/>
    <Step Id="power_opt_design"/>
    <Step Id="place_design"/>
    <Step Id="post_place_power_opt_design"/>
    <Step Id="phys_opt_design"/>
    <Step Id="route_design"/>
    <Step Id="post_route_phys_opt_design"/>
    <Step Id="write_bitstream"/>
  </Strategy>
</GenRun>
